﻿<?xml version="1.0" encoding="UTF-8" ?>
<CrashRpt version="1403">
    <CrashGUID>f453f4bb-4286-4954-b7e7-8339ccf1606c</CrashGUID>
    <AppName>KVSPI</AppName>
    <AppVersion>v1.9.4.0_r42_d0e2e6e9@HEAD</AppVersion>
    <ImageName>C:\Kohyoung\KSMART\KSMARTVisApp.exe</ImageName>
    <OperatingSystem>Windows 7 Ultimate Build 7601 Service Pack 1</OperatingSystem>
    <OSIs64Bit>1</OSIs64Bit>
    <GeoLocation>ko-kr</GeoLocation>
    <SystemTimeUTC>2020-11-09T12:30:04Z</SystemTimeUTC>
    <ExceptionAddress>0x7fea231504f</ExceptionAddress>
    <ExceptionModule>C:\kohyoung\KSMART\SolderInspectDll_PadProp.dll</ExceptionModule>
    <ExceptionModuleBase>0x7fea2160000</ExceptionModuleBase>
    <ExceptionModuleVersion>2004.701.327.0</ExceptionModuleVersion>
    <ExceptionType>0</ExceptionType>
    <ExceptionCode>0</ExceptionCode>
    <GUIResourceCount>103</GUIResourceCount>
    <OpenHandleCount>1522</OpenHandleCount>
    <MemoryUsageKbytes>4120516</MemoryUsageKbytes>
    <ScreenshotInfo>
        <VirtualScreen left="0" top="0" width="1920" height="1080" />
        <Monitors>
            <Monitor left="0" top="0" width="1920" height="1080" file="screenshot0.jpg" />
        </Monitors>
        <Windows />
    </ScreenshotInfo>
    <CustomProps />
    <FileList>
        <FileItem name="CommHis.his" description="GUI_ComHisLog" />
        <FileItem name="DebugLog.txt" description="Vision_DebugLog" />
        <FileItem name="ErrLog.txt" description="GUI_ErrorLog" />
        <FileItem name="ErrorLog.txt" description="Vision_ErrorLog" />
        <FileItem name="KY3030.ini" description="KY3030_INI" />
        <FileItem name="Version.txt" description="Version_Info" />
        <FileItem name="Vision52.ini" description="Vision52_INI" />
        <FileItem name="VisionParamChgLog.txt" description="Vision_ParamChgLog" />
        <FileItem name="XMLJOB_L0_INDEX0.kdb" description="XML Job1" />
        <FileItem name="XMLJOB_L0_INDEX1.kdb" description="XML Job2" error="The system cannot find the file specified." />
        <FileItem name="crashdump.dmp" description="Crash Minidump" />
        <FileItem name="crashrpt.xml" description="Crash Description XML" />
        <FileItem name="mcsjob.kdb" description="MCS JOB0" />
        <FileItem name="mcsjob0.kdb" description="MCS JOB1" />
        <FileItem name="mcsjob1.kdb" description="MCS JOB2" />
        <FileItem name="screenshot0.jpg" description="Desktop Screenshot" />
    </FileList>
</CrashRpt>
